DisNo.,Historic,Classification Key,Disaster Group,Disaster Subgroup,Disaster Type,Disaster Subtype,External IDs,Event Name,ISO,Country,Subregion,Region,Location,Origin,Associated Types,OFDA/BHA Response,Appeal,Declaration,AID Contribution ('000 US$),Magnitude,Magnitude Scale,Latitude,Longitude,River Basin,Start Year,Start Month,Start Day,End Year,End Month,End Day,Total Deaths,No. Injured,No. Affected,No. Homeless,Total Affected,Reconstruction Costs ('000 US$),"Reconstruction Costs, Adjusted ('000 US$)",Insured Damage ('000 US$),"Insured Damage, Adjusted ('000 US$)",Total Damage ('000 US$),"Total Damage, Adjusted ('000 US$)",CPI,Admin Units,Entry Date,Last Update
1966-0083-GBR,Yes,nat-hyd-mmw-lan,Natural,Hydrological,Mass movement (wet),Landslide (wet),,,GBR,United Kingdom of Great Britain and Northern Ireland,Northern Europe,Europe,"Aberfan, Wales",,,No,No,No,,,,,,,1966,10,21,1966,10,21,140,,,,,,,,,,,10.65249707,,2003-07-01,2023-09-25
1968-0022-GBR,Yes,nat-met-sto-sto,Natural,Meteorological,Storm,Storm (General),,,GBR,United Kingdom of Great Britain and Northern Ireland,Northern Europe,Europe,Scotland,,,No,No,No,,,Kph,,,,1968,1,14,1968,1,14,20,,700,,700,,,,,2500,21900,11.41553662,,2003-07-01,2023-09-25
1972-0144-GBR,Yes,nat-met-sto-sto,Natural,Meteorological,Storm,Storm (General),,,GBR,United Kingdom of Great Britain and Northern Ireland,Northern Europe,Europe,,,,No,No,No,,,Kph,,,,1972,11,,1972,11,,,,,,,,,,,,,13.72380635,,2003-07-01,2023-09-25
1976-0172-GBR,Yes,nat-met-sto-sto,Natural,Meteorological,Storm,Storm (General),,,GBR,United Kingdom of Great Britain and Northern Ireland,Northern Europe,Europe,,,,No,No,No,,,Kph,,,,1976,1,,1976,1,,,,,,,,,,,,,18.6767338,,2003-07-01,2023-09-25
1977-0211-GBR,Yes,nat-hyd-flo-coa,Natural,Hydrological,Flood,Coastal flood,,,GBR,United Kingdom of Great Britain and Northern Ireland,Northern Europe,Europe,,,,No,No,No,,,Km2,,,,1977,11,,1977,11,,6,,,,,,,,,1000,5027,19.89103658,,2003-07-01,2023-09-25
1981-0282-GBR,Yes,nat-met-sto-sto,Natural,Meteorological,Storm,Storm (General),,,GBR,United Kingdom of Great Britain and Northern Ireland,Northern Europe,Europe,,,,No,No,No,,,Kph,,,,1981,9,21,1981,9,21,12,,,,,,,,,,,29.84066199,,2003-07-01,2023-09-25
1983-0407-GBR,Yes,nat-met-sto-sev,Natural,Meteorological,Storm,Severe weather,,,GBR,United Kingdom of Great Britain and Northern Ireland,Northern Europe,Europe,,,,No,No,No,,,Kph,,,,1983,2,,1983,2,,5,12,,,12,,,,,,,32.68770482,,2003-07-01,2023-09-25
1984-0300-GBR,Yes,nat-met-sto-bli,Natural,Meteorological,Storm,Blizzard/Winter storm,,,GBR,United Kingdom of Great Britain and Northern Ireland,Northern Europe,Europe,"North region, Scotland",,,No,No,No,,161,Kph,,,,1984,1,24,1984,1,24,22,,,,,,,,,81500,239049,34.09345589,,2003-07-01,2023-09-25
1984-0416-GBR,Yes,nat-bio-epi-bac,Natural,Biological,Epidemic,Bacterial disease,,Salmonella,GBR,United Kingdom of Great Britain and Northern Ireland,Northern Europe,Europe,Wakefield,,,No,No,No,,,,,,,1984,8,,1984,8,,26,,16,,16,,,,,,,34.09345589,,2003-07-01,2023-09-25
1985-0289-GBR,Yes,nat-bio-epi-par,Natural,Biological,Epidemic,Parasitic disease,,Legionellosis,GBR,United Kingdom of Great Britain and Northern Ireland,Northern Europe,Europe,Strattford,,,No,No,No,,,Vaccinated,,,,1985,5,4,1985,5,4,34,,144,,144,,,,,,,35.30228249,,2003-07-01,2023-09-25
1986-0147-GBR,Yes,nat-met-sto-sto,Natural,Meteorological,Storm,Storm (General),,,GBR,United Kingdom of Great Britain and Northern Ireland,Northern Europe,Europe,,,,No,No,No,,151,Kph,,,,1986,10,20,1986,10,20,,,,,,,,,,,,35.97234376,,2003-07-01,2023-09-25
1987-0191-GBR,Yes,nat-met-sto-sto,Natural,Meteorological,Storm,Storm (General),,,GBR,United Kingdom of Great Britain and Northern Ireland,Northern Europe,Europe,South,,,No,No,No,,177,Kph,,,,1987,10,15,1987,10,15,20,,,,,,,1452000,3893746,1565000,4196772,37.29056939,,2003-07-01,2023-09-25
1989-0430-GBR,Yes,nat-met-sto-sto,Natural,Meteorological,Storm,Storm (General),,,GBR,United Kingdom of Great Britain and Northern Ireland,Northern Europe,Europe,,,,No,No,No,,,Kph,,,,1989,2,26,1989,2,26,13,,,,,,,,,,,40.68459958,,2003-07-01,2023-09-25
1990-0152-GBR,Yes,nat-met-sto-sto,Natural,Meteorological,Storm,Storm (General),,,GBR,United Kingdom of Great Britain and Northern Ireland,Northern Europe,Europe,,,,No,No,No,,,Kph,,,,1990,12,9,1990,12,9,,,,,,,,,,,,42.88073219,,2003-07-01,2023-09-25
1990-0193-GBR,Yes,nat-geo-ear-gro,Natural,Geophysical,Earthquake,Ground movement,,,GBR,United Kingdom of Great Britain and Northern Ireland,Northern Europe,Europe,Wrexham-Welshpool-Shrewsbury area,,,No,No,No,,4.7,Moment Magnitude,52.314,-2.985,,1990,4,2,1990,4,2,,,,,,,,,,,,42.88073219,,2003-12-18,2023-09-25
1990-0717-GBR,Yes,nat-met-sto-sto,Natural,Meteorological,Storm,Storm (General),,Daria,GBR,United Kingdom of Great Britain and Northern Ireland,Northern Europe,Europe,,,,No,No,No,,,Kph,,,,1990,1,25,1990,1,26,47,,,,,,,3050000,7112752,3400000,7928969,42.88073219,,2007-05-08,2023-09-25
1990-0718-GBR,Yes,nat-met-sto-sto,Natural,Meteorological,Storm,Storm (General),,Herta,GBR,United Kingdom of Great Britain and Northern Ireland,Northern Europe,Europe,,,,No,No,No,,,Kph,,,,1990,2,3,1990,2,4,,,,,,,,,,10000,23320,42.88073219,,2007-05-09,2023-09-25
1990-0719-GBR,Yes,nat-met-sto-sto,Natural,Meteorological,Storm,Storm (General),,Judith,GBR,United Kingdom of Great Britain and Northern Ireland,Northern Europe,Europe,,,,No,No,No,,,Kph,,,,1990,2,7,1990,2,8,,,,,,,,30000,69961,60000,139923,42.88073219,,2008-10-21,2023-09-25
1990-0720-GBR,Yes,nat-met-sto-sto,Natural,Meteorological,Storm,Storm (General),,Nana,GBR,United Kingdom of Great Britain and Northern Ireland,Northern Europe,Europe,,,,No,No,No,,,Kph,,,,1990,2,11,1990,2,12,,,,,,,,30000,69961,70000,163243,42.88073219,,2007-05-09,2023-09-25
1990-0722-GBR,Yes,nat-met-sto-sto,Natural,Meteorological,Storm,Storm (General),,Vivian,GBR,United Kingdom of Great Britain and Northern Ireland,Northern Europe,Europe,,,,No,No,No,,,Kph,,,,1990,2,25,1990,2,27,18,,,,,,,800000,1865640,900000,2098845,42.88073219,,2007-05-09,2023-09-25
1990-0723-GBR,Yes,nat-met-sto-sto,Natural,Meteorological,Storm,Storm (General),,Wiebke,GBR,United Kingdom of Great Britain and Northern Ireland,Northern Europe,Europe,,,,No,No,No,,,Kph,,,,1990,2,28,1990,3,1,18,,,,,,,320000,746256,350000,816217,42.88073219,,2007-05-09,2023-09-25
1991-0004-GBR,Yes,nat-met-sto-sto,Natural,Meteorological,Storm,Storm (General),,Undine,GBR,United Kingdom of Great Britain and Northern Ireland,Northern Europe,Europe,Wales,,,No,No,No,,,Kph,,,,1991,1,5,1991,1,6,48,,,,,,,480000,1073904,900000,2013570,44.69672184,,2007-05-05,2023-09-25
1991-0483-GBR,Yes,nat-met-ext-col,Natural,Meteorological,Extreme temperature,Cold wave,,,GBR,United Kingdom of Great Britain and Northern Ireland,Northern Europe,Europe,,,,No,No,No,,,°C,,,,1991,2,14,1991,2,14,,,,,,,,200000,447460,,,44.69672184,,2003-07-01,2023-09-25
1993-0098-GBR,Yes,nat-hyd-flo-flo,Natural,Hydrological,Flood,Flood (General),,,GBR,United Kingdom of Great Britain and Northern Ireland,Northern Europe,Europe,"Scotland, Perth & Tayside",,,No,No,No,,,Km2,,,,1993,1,23,1993,1,23,,,600,,600,,,,,37000,78043,47.40975397,,2003-07-01,2023-09-25
1993-0237-GBR,Yes,nat-hyd-flo-riv,Natural,Hydrological,Flood,Riverine flood,,,GBR,United Kingdom of Great Britain and Northern Ireland,Northern Europe,Europe,,,,No,No,No,,,Km2,,,,1993,12,20,1993,12,31,4,,,,,,,75000,158195,150000,316391,47.40975397,,2007-05-05,2023-09-25
1994-0048-GBR,Yes,nat-hyd-flo-riv,Natural,Hydrological,Flood,Riverine flood,,,GBR,United Kingdom of Great Britain and Northern Ireland,Northern Europe,Europe,,,,No,No,No,,,Km2,,,,1994,1,7,1994,1,12,3,,,,,,,,,90000,185010,48.6459381,,2007-05-06,2023-09-25
1994-0589-GBR,Yes,nat-hyd-flo-riv,Natural,Hydrological,Flood,Riverine flood,,,GBR,United Kingdom of Great Britain and Northern Ireland,Northern Europe,Europe,"Glasgow , Scotland",Heavy rains,,No,No,No,,,Km2,,,,1994,12,7,1994,12,12,4,,700,,700,,,46900,96411,146000,300128,48.6459381,,2006-07-13,2023-09-25
1995-0451-GBR,Yes,nat-met-sto-bli,Natural,Meteorological,Storm,Blizzard/Winter storm,,,GBR,United Kingdom of Great Britain and Northern Ireland,Northern Europe,Europe,Scotland,,Flood,No,No,No,,160,Kph,,,,1995,12,15,1995,12,31,9,,,,,,,480000,959795,650000,1299723,50.01065676,,2007-05-06,2023-09-25
1996-0252-GBR,Yes,nat-met-sto-tro,Natural,Meteorological,Storm,Tropical cyclone,,Lilli,GBR,United Kingdom of Great Britain and Northern Ireland,Northern Europe,Europe,Scotland,,,No,No,No,,120,Kph,,,,1996,10,27,1996,10,30,5,,12000,,12000,,,240000,466231,300000,582789,51.47657574,,2007-05-06,2023-09-25
1997-0004-GBR,Yes,nat-met-ext-col,Natural,Meteorological,Extreme temperature,Cold wave,,,GBR,United Kingdom of Great Britain and Northern Ireland,Northern Europe,Europe,,,,No,No,No,,,°C,,,,1997,12,4,1997,12,4,14,,,,,,,,,,,52.67993394,,2003-07-01,2023-09-25
1997-0340-GBR,Yes,nat-hyd-flo-riv,Natural,Hydrological,Flood,Riverine flood,,,GBR,United Kingdom of Great Britain and Northern Ireland,Northern Europe,Europe,Moray (Scotland),Heavy rain,,No,No,No,,,Km2,,,,1997,7,1,1997,7,2,1,,,,,,,,,98400,186788,52.67993394,,2006-07-09,2023-09-25
1997-0350-GBR,Yes,nat-hyd-flo-flo,Natural,Hydrological,Flood,Flood (General),,,GBR,United Kingdom of Great Britain and Northern Ireland,Northern Europe,Europe,Scotland,,,No,No,No,,,Km2,,,,1997,8,13,1997,8,13,,,,,,,,,,150000,284738,52.67993394,,2003-07-01,2023-09-25
1998-0007-GBR,Yes,nat-met-sto-ext,Natural,Meteorological,Storm,Extra-tropical storm,,"Cilly, Désirée et Fanny",GBR,United Kingdom of Great Britain and Northern Ireland,Northern Europe,Europe,South Wales,,,No,No,No,,185,Kph,,,,1998,1,1,1998,1,6,15,,3000,,3000,,,320000,598157,500000,934620,53.49768079,,2010-08-06,2023-09-25
1998-0419-GBR,Yes,nat-met-sto-sto,Natural,Meteorological,Storm,Storm (General),,,GBR,United Kingdom of Great Britain and Northern Ireland,Northern Europe,Europe,,,,No,No,No,,175,Kph,,,,1998,12,24,1998,12,25,8,,250000,,250000,,,165000,308425,200000,373848,53.49768079,,2007-05-06,2023-09-25
1998-0441-GBR,Yes,nat-hyd-flo-riv,Natural,Hydrological,Flood,Riverine flood,,,GBR,United Kingdom of Great Britain and Northern Ireland,Northern Europe,Europe,"Norhtampton, Worcestershire, Warwickshire, Avon",,,No,No,No,,,Km2,,,Avon,1998,4,9,1998,4,10,5,,300,,300,,,249500,466375,500000,934620,53.49768079,,2006-07-09,2023-09-25
1998-0451-GBR,Yes,nat-met-sto-sto,Natural,Meteorological,Storm,Storm (General),,,GBR,United Kingdom of Great Britain and Northern Ireland,Northern Europe,Europe,Wales,,,No,No,No,,130,Kph,,,,1998,10,24,1998,10,24,12,,,,,,,166400,311042,665400,1243792,53.49768079,,2003-07-01,2023-09-25
1999-0091-GBR,Yes,nat-hyd-flo-riv,Natural,Hydrological,Flood,Riverine flood,,,GBR,United Kingdom of Great Britain and Northern Ireland,Northern Europe,Europe,"Malton,Old Malton, Norton, Pickering, Stamford Bridge, Elvington towns (North and East Yorkshire)",Heavy rain and snow melt,,No,No,No,,,Km2,,,River Derwent,1999,3,7,1999,3,13,,,330,,330,,,,,32680,59779,54.66822084,,2005-10-25,2023-09-25
1999-0571-GBR,Yes,nat-met-sto-ext,Natural,Meteorological,Storm,Extra-tropical storm,,Lothar,GBR,United Kingdom of Great Britain and Northern Ireland,Northern Europe,Europe,,,,No,No,No,,,Kph,,,,1999,12,25,1999,12,27,8,,200,,200,,,,,100000,182922,54.66822084,,2007-05-07,2023-09-25
1999-0590-GBR,Yes,nat-met-sto-ext,Natural,Meteorological,Storm,Extra-tropical storm,,Anatol,GBR,United Kingdom of Great Britain and Northern Ireland,Northern Europe,Europe,,,,No,No,No,,,Kph,,,,1999,12,4,1999,12,5,3,,,,,,,,,1000,1829,54.66822084,,2007-05-07,2023-09-25
2000-0248-GBR,No,nat-hyd-flo-flo,Natural,Hydrological,Flood,Flood (General),,,GBR,United Kingdom of Great Britain and Northern Ireland,Northern Europe,Europe,"Lothian (Edinburgh), Grampian (Aberdeenshire) - Scotland region",,,No,No,No,,,Km2,,,,2000,4,27,2000,4,27,,,200,,200,,,,,,,56.51429056,"[{""adm2_code"":40171,""adm2_name"":""Grampian""},{""adm2_code"":40173,""adm2_name"":""Lothian""}]",2003-07-01,2023-09-25
2000-0331-GBR,No,nat-hyd-flo-fla,Natural,Hydrological,Flood,Flash flood,,,GBR,United Kingdom of Great Britain and Northern Ireland,Northern Europe,Europe,West Yorkshire (North England),,,No,No,No,,,Km2,,,,2000,6,,2000,6,,,,240,,240,,,,,18150,32116,56.51429056,"[{""adm2_code"":40138,""adm2_name"":""West Yorkshire""}]",2003-07-01,2023-09-25
2000-0662-GBR,No,nat-hyd-flo-riv,Natural,Hydrological,Flood,Riverine flood,,,GBR,United Kingdom of Great Britain and Northern Ireland,Northern Europe,Europe,"Maidstone, Yalding, Tunbridge Wells, Edenbridge, Datford, Tenterden towns (Kent district, England province), Uckfield, Lewes towns (East Sussex district, England province), West Sussex district (England province), Hampshire district (England province), Devonshire district (England province)",Heavy rains,,No,No,No,,5300,Km2,,,,2000,10,11,2000,10,14,,,1000,,1000,,,75000,132710,5900000,10439837,56.51429056,"[{""adm2_code"":40104,""adm2_name"":""Devonshire""},{""adm2_code"":40107,""adm2_name"":""East Sussex""},{""adm2_code"":40112,""adm2_name"":""Hampshire""},{""adm2_code"":40117,""adm2_name"":""Kent""},{""adm2_code"":40137,""adm2_name"":""West Sussex""}]",2004-10-21,2023-09-25
2000-0714-GBR,No,nat-met-sto-sev,Natural,Meteorological,Storm,Severe weather,,,GBR,United Kingdom of Great Britain and Northern Ireland,Northern Europe,Europe,"Larkhill city (Wiltshire district), Bognor Regis village, Selsey city (West Sussex district) (England province) ; West Yorkshire, South Yorkshire, North Yorkshire, Humberside (Yorkshire), West Sussex, East Sussex (Sussex), Kent, Wiltshire, Hamphshire districts (England province)",,Flood,No,No,No,,150,Kph,,,,2000,10,28,2000,10,29,12,4,19500,,19504,,,1100000,1946410,1500000,2654196,56.51429056,"[{""adm2_code"":40107,""adm2_name"":""East Sussex""},{""adm2_code"":40112,""adm2_name"":""Hampshire""},{""adm2_code"":40115,""adm2_name"":""Humberside""},{""adm2_code"":40117,""adm2_name"":""Kent""},{""adm2_code"":40123,""adm2_name"":""North Yorkshire""},{""adm2_code"":40130,""adm2_name"":""South Yorkshire""},{""adm2_code"":40137,""adm2_name"":""West Sussex""},{""adm2_code"":40138,""adm2_name"":""West Yorkshire""},{""adm2_code"":40139,""adm2_name"":""Wiltshire""}]",2008-04-08,2023-09-25
2000-0842-GBR,No,nat-met-sto-sto,Natural,Meteorological,Storm,Storm (General),,,GBR,United Kingdom of Great Britain and Northern Ireland,Northern Europe,Europe,"Worcestershire (Hereford and Wor district), Somerset city (Somersetshire district), Gloucester city (Gloucestershire district) (England province)",,,No,No,No,,144,Kph,,,,2000,12,,2000,12,,4,,600,,600,,,,,,,56.51429056,"[{""adm2_code"":40109,""adm2_name"":""Gloucestershire""},{""adm2_code"":40113,""adm2_name"":""Hereford and Wor""},{""adm2_code"":40129,""adm2_name"":""Somersetshire""}]",2003-07-01,2023-09-25
2000-0856-GBR,No,nat-met-sto-sto,Natural,Meteorological,Storm,Storm (General),,,GBR,United Kingdom of Great Britain and Northern Ireland,Northern Europe,Europe,Northern Ireland province,,,No,No,No,,,Kph,,,,2000,12,27,2000,12,27,,,,,,,,,,,,56.51429056,"[{""adm1_code"":3183,""adm1_name"":""Northern Ireland""}]",2003-07-01,2023-09-25
2001-0131-GBR,No,nat-hyd-flo-flo,Natural,Hydrological,Flood,Flood (General),,,GBR,United Kingdom of Great Britain and Northern Ireland,Northern Europe,Europe,"Cleveland, East Sussex, Kent districts (England province)",,,No,No,No,,,Km2,,,,2001,2,9,2001,2,9,,,150,,150,,,,,,,58.11147437,"[{""adm2_code"":40100,""adm2_name"":""Cleveland""},{""adm2_code"":40107,""adm2_name"":""East Sussex""},{""adm2_code"":40117,""adm2_name"":""Kent""}]",2003-07-01,2023-09-25
2001-0645-GBR,No,nat-hyd-flo-fla,Natural,Hydrological,Flood,Flash flood,,,GBR,United Kingdom of Great Britain and Northern Ireland,Northern Europe,Europe,"Cambridgeshire, Essex and Kent districts (England province)",Brief torrential rain,,No,No,No,,5680,Km2,,,"Cam, Colne, Roman, Stour.",2001,10,21,2001,10,23,,,90,,90,,,,,,,58.11147437,"[{""adm2_code"":40098,""adm2_name"":""Cambridgeshire""},{""adm2_code"":40108,""adm2_name"":""Essex""},{""adm2_code"":40117,""adm2_name"":""Kent""}]",2005-09-21,2023-09-25
2001-0788-GBR,No,nat-bio-epi-bac,Natural,Biological,Epidemic,Bacterial disease,,"Meningococcal disease, serogroup W135",GBR,United Kingdom of Great Britain and Northern Ireland,Northern Europe,Europe,,,,No,No,No,,,,,,,2001,1,,2001,6,,11,,30,,30,,,,,,,58.11147437,,2005-06-22,2023-09-25
2002-0051-GBR,No,nat-met-sto-sto,Natural,Meteorological,Storm,Storm (General),,Jennifer,GBR,United Kingdom of Great Britain and Northern Ireland,Northern Europe,Europe,"Cheshire, Cleveland, Cumbria, Durham, Greater Manchest, Humberside, Lancashire, Merseyside, North Yorkshire, Northumberland, South Yorkshire, Tyne and Wear, West Yorkshire (Northern England, England province) ; Scotland province",,,No,No,No,,200,Kph,,,,2002,1,28,2002,1,29,7,,,,,,,,,50,85,59.03314408,"[{""adm1_code"":3184,""adm1_name"":""Scotland""},{""adm2_code"":40099,""adm2_name"":""Cheshire""},{""adm2_code"":40100,""adm2_name"":""Cleveland""},{""adm2_code"":40102,""adm2_name"":""Cumbria""},{""adm2_code"":40106,""adm2_name"":""Durham""},{""adm2_code"":40111,""adm2_name"":""Greater Manchest""},{""adm2_code"":40115,""adm2_name"":""Humberside""},{""adm2_code"":40118,""adm2_name"":""Lancashire""},{""adm2_code"":40121,""adm2_name"":""Merseyside""},{""adm2_code"":40123,""adm2_name"":""North Yorkshire""},{""adm2_code"":40125,""adm2_name"":""Northumberland""},{""adm2_code"":40130,""adm2_name"":""South Yorkshire""},{""adm2_code"":40134,""adm2_name"":""Tyne and Wear""},{""adm2_code"":40138,""adm2_name"":""West Yorkshire""}]",2006-01-02,2023-09-25
2002-0463-GBR,No,nat-hyd-flo-flo,Natural,Hydrological,Flood,Flood (General),,,GBR,United Kingdom of Great Britain and Northern Ireland,Northern Europe,Europe,"Scotland province Cumbria, Derbyshire, Hereford and Wor, Leicestershire, Lincolnshire, Northamptonshire, Nottinghamshire, Salop, Staffordshire, Warwickshire, West Midlands, West Yorkshire districts (England province)",,,No,No,No,,,Km2,,,,2002,7,20,2002,7,20,1,,200,,200,,,,,,,59.03314408,"[{""adm1_code"":3184,""adm1_name"":""Scotland""},{""adm2_code"":40102,""adm2_name"":""Cumbria""},{""adm2_code"":40103,""adm2_name"":""Derbyshire""},{""adm2_code"":40113,""adm2_name"":""Hereford and Wor""},{""adm2_code"":40119,""adm2_name"":""Leicestershire""},{""adm2_code"":40120,""adm2_name"":""Lincolnshire""},{""adm2_code"":40124,""adm2_name"":""Northamptonshire""},{""adm2_code"":40126,""adm2_name"":""Nottinghamshire""},{""adm2_code"":40128,""adm2_name"":""Salop""},{""adm2_code"":40131,""adm2_name"":""Staffordshire""},{""adm2_code"":40135,""adm2_name"":""Warwickshire""},{""adm2_code"":40136,""adm2_name"":""West Midlands""},{""adm2_code"":40138,""adm2_name"":""West Yorkshire""}]",2003-07-01,2023-09-25
2002-0488-GBR,No,nat-hyd-flo-riv,Natural,Hydrological,Flood,Riverine flood,,,GBR,United Kingdom of Great Britain and Northern Ireland,Northern Europe,Europe,"Scarborough, Filey towns (North Yorkshire district, England province)",Heavy rain,,No,No,No,,60,Km2,,,,2002,8,10,2002,8,12,,,250,,250,,,,,,,59.03314408,"[{""adm2_code"":40123,""adm2_name"":""North Yorkshire""}]",2005-09-23,2023-09-25
2002-0671-GBR,No,nat-met-sto-ext,Natural,Meteorological,Storm,Extra-tropical storm,,Jeanett,GBR,United Kingdom of Great Britain and Northern Ireland,Northern Europe,Europe,"Norfolkshire, Suffolkshire, Salop districts (England province), Oxford city (Oxfordshire district, England province), Powys district (Wales province)",,,No,No,No,,155,Kph,,,,2002,10,26,2002,10,28,7,,,,,,,250000,423491,400000,677585,59.03314408,"[{""adm2_code"":40122,""adm2_name"":""Norfolkshire""},{""adm2_code"":40127,""adm2_name"":""Oxfordshire""},{""adm2_code"":40128,""adm2_name"":""Salop""},{""adm2_code"":40132,""adm2_name"":""Suffolk""},{""adm2_code"":40184,""adm2_name"":""Powys""}]",2008-03-21,2023-09-25
2002-0774-GBR,No,nat-hyd-flo-riv,Natural,Hydrological,Flood,Riverine flood,,,GBR,United Kingdom of Great Britain and Northern Ireland,Northern Europe,Europe,"Elgin, Forres, Rothes, Craigellachie, Dufftown, Aberdeen towns,, Grampian district, Scotland province), Tayside district (Scotland province), Devonshire and Cornwall districts (England province)",Heavy rain,,No,No,No,,,Km2,,,"Lossie, Mosset Burn, Divvie, Spey, South Esk, Dee, Isla, Rivers: Exe, Stennac, Middle and Lower River Stour",2002,11,14,2002,11,25,,,300,,300,,,,,,,59.03314408,"[{""adm2_code"":40101,""adm2_name"":""Cornwall""},{""adm2_code"":40104,""adm2_name"":""Devonshire""},{""adm2_code"":40171,""adm2_name"":""Grampian""},{""adm2_code"":40177,""adm2_name"":""Tayside""}]",2005-09-26,2023-09-25
2003-0391-GBR,No,nat-met-ext-hea,Natural,Meteorological,Extreme temperature,Heat wave,,,GBR,United Kingdom of Great Britain and Northern Ireland,Northern Europe,Europe,"England, Wales provinces",,,No,No,No,,,°C,,,,2003,7,,2003,7,,301,,,,,,,,,,,60.37325107,"[{""adm1_code"":3182,""adm1_name"":""England""},{""adm1_code"":3186,""adm1_name"":""Wales""}]",2007-04-03,2023-09-25
2004-0423-GBR,No,nat-hyd-flo-fla,Natural,Hydrological,Flood,Flash flood,,,GBR,United Kingdom of Great Britain and Northern Ireland,Northern Europe,Europe,"Kastel Boterel, Tintagel, Camelford villages (Cornwall district, England province)",Torrential rains,,No,No,No,,,Km2,,,"Valency, Jordan, Paradise, Camel",2004,8,16,2004,8,17,,8,1000,,1008,,,,,96000,154865,61.98958593,"[{""adm2_code"":40101,""adm2_name"":""Cornwall""}]",2004-08-24,2023-09-25
2005-0011-GBR,No,nat-met-sto-ext,Natural,Meteorological,Storm,Extra-tropical storm,,Erwin,GBR,United Kingdom of Great Britain and Northern Ireland,Northern Europe,Europe,"Appleby, Longtown, Shap,Carlisle towns (Cumbria district, England province), West Yorkshire district (England province), North Yorkshire district (England province), Haydon Brige town (Northumberland district, England province), Peebles, Jedburgh towns (Borders district, Scotland province), Grampian district (Scotland province), Wales province",,Transport accident,No,No,No,,140,Kph,,,,2005,1,7,2005,1,8,3,,3000,,3000,,,500000,780120,650000,1014155,64.09274026,"[{""adm1_code"":3186,""adm1_name"":""Wales""},{""adm2_code"":40102,""adm2_name"":""Cumbria""},{""adm2_code"":40123,""adm2_name"":""North Yorkshire""},{""adm2_code"":40125,""adm2_name"":""Northumberland""},{""adm2_code"":40138,""adm2_name"":""West Yorkshire""},{""adm2_code"":40167,""adm2_name"":""Borders""},{""adm2_code"":40171,""adm2_name"":""Grampian""}]",2006-12-14,2023-09-25
2005-0655-GBR,No,nat-met-ext-col,Natural,Meteorological,Extreme temperature,Cold wave,,,GBR,United Kingdom of Great Britain and Northern Ireland,Northern Europe,Europe,"Avon, Bedfordshire, Berkshire, Buckinghamshire, Cambridgeshire, Cornwall, Devonshire, Dorsetshire, East Sussex, Essex, Gloucestershire, Greater London, Hampshire, Hertfordshire, Isle of Wight, Kent, Norfolkshire, Northamptonshire, Oxfordshire, Somersetshire, Suffolk, Surrey, West Sussex, Wiltshire districts (England province)",,,No,No,No,,,°C,,,,2005,11,25,2005,11,27,,,,,,,,,,,,64.09274026,"[{""adm2_code"":40094,""adm2_name"":""Avon""},{""adm2_code"":40095,""adm2_name"":""Bedfordshire""},{""adm2_code"":40096,""adm2_name"":""Berkshire""},{""adm2_code"":40097,""adm2_name"":""Buckinghamshire""},{""adm2_code"":40098,""adm2_name"":""Cambridgeshire""},{""adm2_code"":40101,""adm2_name"":""Cornwall""},{""adm2_code"":40104,""adm2_name"":""Devonshire""},{""adm2_code"":40105,""adm2_name"":""Dorsetshire""},{""adm2_code"":40107,""adm2_name"":""East Sussex""},{""adm2_code"":40108,""adm2_name"":""Essex""},{""adm2_code"":40109,""adm2_name"":""Gloucestershire""},{""adm2_code"":40110,""adm2_name"":""Greater London""},{""adm2_code"":40112,""adm2_name"":""Hampshire""},{""adm2_code"":40114,""adm2_name"":""Hertfordshire""},{""adm2_code"":40116,""adm2_name"":""Isle of Wight""},{""adm2_code"":40117,""adm2_name"":""Kent""},{""adm2_code"":40122,""adm2_name"":""Norfolkshire""},{""adm2_code"":40124,""adm2_name"":""Northamptonshire""},{""adm2_code"":40127,""adm2_name"":""Oxfordshire""},{""adm2_code"":40129,""adm2_name"":""Somersetshire""},{""adm2_code"":40132,""adm2_name"":""Suffolk""},{""adm2_code"":40133,""adm2_name"":""Surrey""},{""adm2_code"":40137,""adm2_name"":""West Sussex""},{""adm2_code"":40139,""adm2_name"":""Wiltshire""}]",2007-01-17,2023-09-25
2005-0713-GBR,No,nat-met-ext-sev,Natural,Meteorological,Extreme temperature,Severe winter conditions,,,GBR,United Kingdom of Great Britain and Northern Ireland,Northern Europe,Europe,"Cleveland, Durham, Northumberland, Tyne and Wear, West Midlands districts (England province), Scotland province",,Snow/ice,No,No,No,,-11,°C,,,,2005,12,27,2005,12,30,1,,,,,,,,,,,64.09274026,"[{""adm1_code"":3184,""adm1_name"":""Scotland""},{""adm2_code"":40100,""adm2_name"":""Cleveland""},{""adm2_code"":40106,""adm2_name"":""Durham""},{""adm2_code"":40125,""adm2_name"":""Northumberland""},{""adm2_code"":40134,""adm2_name"":""Tyne and Wear""},{""adm2_code"":40136,""adm2_name"":""West Midlands""}]",2007-01-12,2023-09-25
2005-0819-GBR,No,nat-met-sto-sto,Natural,Meteorological,Storm,Storm (General),,Gero,GBR,United Kingdom of Great Britain and Northern Ireland,Northern Europe,Europe,All country selected/affected (no data),,,No,No,No,,200,Kph,,,,2005,1,11,2005,1,12,7,,,,,,,25000,39006,50000,78012,64.09274026,"[{""adm1_code"":3182,""adm1_name"":""England""},{""adm1_code"":3183,""adm1_name"":""Northern Ireland""},{""adm1_code"":3184,""adm1_name"":""Scotland""},{""adm1_code"":3186,""adm1_name"":""Wales""}]",2007-02-21,2023-09-25
2007-0019-GBR,No,nat-met-sto-ext,Natural,Meteorological,Storm,Extra-tropical storm,,Kyrill,GBR,United Kingdom of Great Britain and Northern Ireland,Northern Europe,Europe,All country affected,,,No,No,No,,160,Kph,,,,2007,1,18,2007,1,18,13,,,,,,,670000,984604,1200000,1763470,68.04767383,"[{""adm1_code"":3182,""adm1_name"":""England""},{""adm1_code"":3183,""adm1_name"":""Northern Ireland""},{""adm1_code"":3184,""adm1_name"":""Scotland""},{""adm1_code"":3186,""adm1_name"":""Wales""}]",2007-01-19,2023-09-25
2007-0201-GBR,No,nat-hyd-flo-riv,Natural,Hydrological,Flood,Riverine flood,,,GBR,United Kingdom of Great Britain and Northern Ireland,Northern Europe,Europe,"Leeds, Wakefield towns (West Yorkshire district, England province), North Yorkshire district (England province), Derbyshire, Hereford and Wor Leicestershire, Lincolnshire, Nottinghamshire, Salop, Staffordshire, Warwickshire, West Midlands districts (England province), Wales province, Northern Ireland province","Heavy rain, thunderstorms",Broken Dam/Burst bank,No,No,No,,23110,Km2,52.52,-0.76,"Ouse, Tame, Dearne",2007,6,15,2007,6,21,1,,200,,200,,,299000,439398,448000,658362,68.04767383,"[{""adm1_code"":3183,""adm1_name"":""Northern Ireland""},{""adm1_code"":3186,""adm1_name"":""Wales""},{""adm2_code"":40103,""adm2_name"":""Derbyshire""},{""adm2_code"":40113,""adm2_name"":""Hereford and Wor""},{""adm2_code"":40119,""adm2_name"":""Leicestershire""},{""adm2_code"":40120,""adm2_name"":""Lincolnshire""},{""adm2_code"":40123,""adm2_name"":""North Yorkshire""},{""adm2_code"":40124,""adm2_name"":""Northamptonshire""},{""adm2_code"":40126,""adm2_name"":""Nottinghamshire""},{""adm2_code"":40128,""adm2_name"":""Salop""},{""adm2_code"":40131,""adm2_name"":""Staffordshire""},{""adm2_code"":40135,""adm2_name"":""Warwickshire""},{""adm2_code"":40136,""adm2_name"":""West Midlands""},{""adm2_code"":40138,""adm2_name"":""West Yorkshire""}]",2008-03-11,2023-09-25
2007-0247-GBR,No,nat-hyd-flo-riv,Natural,Hydrological,Flood,Riverine flood,,,GBR,United Kingdom of Great Britain and Northern Ireland,Northern Europe,Europe,"Sheffield, Doncaster, Rotherham, Nottinghamshire, Barnsley, Dinnington, Darfield towns, Treeton, Catcliffe villages (South Yorkshire district, England province), Ryedale town (North Yorkshire district, England province), Wafefield, Leeds, Calderdale towns (West Yorkshire district, England province), Lichfield town (Staffordshire district, England province), Grantham, Horncastle, Louth, Wainfleet, Lincoln towns (Lincolnshire district, England province), Wyre Forest, Pershore, Tenbury Wells (Hereford and Word district, England province), Gloucestershire district (England province), Salop district (England province), Hull, East Riding towns (Humberside district, England province), Omagh district (Northen Ireland province), Norfolk town (Norfolkshire district, England province), Earby town (Lancashire district, England province), Corwen town (Clwyd district, Wales province), Whiston town (Merseyside district, England province)",Heavy rain,,No,No,No,,27720,Km2,53.88,-0.91,"Waring, Deame, Don, Sheaf, Rother, Lud, Corve, Teme",2007,6,25,2007,7,3,6,,,30000,30000,,,3000000,4408674,4000000,5878232,68.04767383,"[{""adm2_code"":40109,""adm2_name"":""Gloucestershire""},{""adm2_code"":40113,""adm2_name"":""Hereford and Wor""},{""adm2_code"":40115,""adm2_name"":""Humberside""},{""adm2_code"":40118,""adm2_name"":""Lancashire""},{""adm2_code"":40120,""adm2_name"":""Lincolnshire""},{""adm2_code"":40121,""adm2_name"":""Merseyside""},{""adm2_code"":40122,""adm2_name"":""Norfolkshire""},{""adm2_code"":40123,""adm2_name"":""North Yorkshire""},{""adm2_code"":40128,""adm2_name"":""Salop""},{""adm2_code"":40130,""adm2_name"":""South Yorkshire""},{""adm2_code"":40131,""adm2_name"":""Staffordshire""},{""adm2_code"":40138,""adm2_name"":""West Yorkshire""},{""adm2_code"":40165,""adm2_name"":""Omagh""},{""adm2_code"":40179,""adm2_name"":""Clwyd""}]",2008-03-11,2023-09-25
2007-0278-GBR,No,nat-hyd-flo-riv,Natural,Hydrological,Flood,Riverine flood,,,GBR,United Kingdom of Great Britain and Northern Ireland,Northern Europe,Europe,"Gloucestershire, Oxfordshire, Berkshire, Bedfordshire, Herefordshire, Warwickshire, Lincolnshire, Avon, Wiltshire districts (England province), Worcestershire (Hereford and Wor district, England province)",Hevay rains,Rain,No,No,No,,24650,Km2,52.07,-2.1,"Severnn, Tamise, Avon",2007,7,20,2007,7,24,7,,340000,,340000,,,3000000,4408674,4000000,5878232,68.04767383,"[{""adm2_code"":40094,""adm2_name"":""Avon""},{""adm2_code"":40095,""adm2_name"":""Bedfordshire""},{""adm2_code"":40096,""adm2_name"":""Berkshire""},{""adm2_code"":40109,""adm2_name"":""Gloucestershire""},{""adm2_code"":40113,""adm2_name"":""Hereford and Wor""},{""adm2_code"":40114,""adm2_name"":""Hertfordshire""},{""adm2_code"":40120,""adm2_name"":""Lincolnshire""},{""adm2_code"":40127,""adm2_name"":""Oxfordshire""},{""adm2_code"":40135,""adm2_name"":""Warwickshire""},{""adm2_code"":40139,""adm2_name"":""Wiltshire""}]",2008-03-11,2023-09-25
2007-0692-GBR,No,nat-geo-ear-gro,Natural,Geophysical,Earthquake,Ground movement,USGS:usp000fase,,GBR,United Kingdom of Great Britain and Northern Ireland,Northern Europe,Europe,"Folkestone town (Kent district, England province)",,,No,No,No,,4.6,Moment Magnitude,51.085,1.009,,2007,4,28,2007,4,28,,1,4500,,4501,,,30000,44087,60000,88173,68.04767383,"[{""adm2_code"":40117,""adm2_name"":""Kent""}]",2008-04-17,2023-09-25
2008-0055-GBR,No,nat-hyd-flo-riv,Natural,Hydrological,Flood,Riverine flood,,,GBR,United Kingdom of Great Britain and Northern Ireland,Northern Europe,Europe,"West Yorkshire, Lancashire, Merseyside, Lincolnshire, Gloucestershire, Wiltshire, North Yorkshire, Cambridgeshire, Kent districts (England province), Shropshire (Salop district, England province), Worcestershire (Hereford and Wor district, England province)",Heavy rain,,No,No,No,,55860,Km2,52.92,-1.65,"Severn, Avon, Leam, Frome, Stour, Ray, Aire, Dearne, Irwell, Rheidol, Calder, Alt, Dove, Ancholme, Ouse, Roch, Mersey",2008,1,15,2008,1,26,,,300,,300,,,,,,,70.66008903,"[{""adm2_code"":40098,""adm2_name"":""Cambridgeshire""},{""adm2_code"":40109,""adm2_name"":""Gloucestershire""},{""adm2_code"":40113,""adm2_name"":""Hereford and Wor""},{""adm2_code"":40117,""adm2_name"":""Kent""},{""adm2_code"":40118,""adm2_name"":""Lancashire""},{""adm2_code"":40120,""adm2_name"":""Lincolnshire""},{""adm2_code"":40121,""adm2_name"":""Merseyside""},{""adm2_code"":40123,""adm2_name"":""North Yorkshire""},{""adm2_code"":40128,""adm2_name"":""Salop""},{""adm2_code"":40138,""adm2_name"":""West Yorkshire""},{""adm2_code"":40139,""adm2_name"":""Wiltshire""}]",2008-02-11,2023-09-25
2008-0165-GBR,No,nat-met-sto-sev,Natural,Meteorological,Storm,Severe weather,,Johanna,GBR,United Kingdom of Great Britain and Northern Ireland,Northern Europe,Europe,All country affected,,Flood,No,No,No,,130,Kph,,,,2008,3,10,2008,3,10,,,,,,,,,,,,70.66008903,"[{""adm1_code"":3182,""adm1_name"":""England""},{""adm1_code"":3183,""adm1_name"":""Northern Ireland""},{""adm1_code"":3184,""adm1_name"":""Scotland""},{""adm1_code"":3186,""adm1_name"":""Wales""}]",2008-04-24,2023-09-25
2008-0381-GBR,No,nat-hyd-flo-riv,Natural,Hydrological,Flood,Riverine flood,,,GBR,United Kingdom of Great Britain and Northern Ireland,Northern Europe,Europe,"Bridgend city (Mid Glamorgan district), Port Talbot, Swansea cities (West Glamorgan district), Cardiff city (South Glamorga district) (Wales province), Morpeth city (Northumberland district), Ryedale, Hambleton, Richmondshire, Pickering towns (North Yorkshire district), Tenbury Wells town (Salop district) (England province) ; Hereford and Wo district (England province)",Torrential rain,Rain,No,No,No,,47370,Km2,53.26,-1.8,,2008,9,6,2008,9,8,8,,3000,,3000,,,,,50000,70761,70.66008903,"[{""adm2_code"":40113,""adm2_name"":""Hereford and Wor""},{""adm2_code"":40123,""adm2_name"":""North Yorkshire""},{""adm2_code"":40125,""adm2_name"":""Northumberland""},{""adm2_code"":40128,""adm2_name"":""Salop""},{""adm2_code"":40183,""adm2_name"":""Mid Glamorgan""},{""adm2_code"":40185,""adm2_name"":""South Glamorgan""},{""adm2_code"":40186,""adm2_name"":""West Glamorgan""}]",2008-10-21,2023-09-25
2009-0497-GBR,No,nat-hyd-flo-riv,Natural,Hydrological,Flood,Riverine flood,,,GBR,United Kingdom of Great Britain and Northern Ireland,Northern Europe,Europe,"Cockermouth, Keswick, Workington, Burneside, Kendal (Cumbria district, England province)",Heavy rains,,No,No,No,,106600,Km2,54,-1.66,,2009,11,19,2009,11,22,3,,3900,,3900,,,333000,472952,484000,687413,70.40886176,"[{""adm2_code"":40102,""adm2_name"":""Cumbria""}]",2009-12-03,2023-09-25
2009-0506-GBR,No,nat-met-sto-sev,Natural,Meteorological,Storm,Severe weather,,,GBR,United Kingdom of Great Britain and Northern Ireland,Northern Europe,Europe,"Dorsetshire, Hampshire, Isle of Wight, Kent districts (England province)",,Flood,No,No,No,,160,Kph,,,,2009,11,13,2009,12,4,2,,180,,180,,,,,,,70.40886176,"[{""adm2_code"":40105,""adm2_name"":""Dorsetshire""},{""adm2_code"":40112,""adm2_name"":""Hampshire""},{""adm2_code"":40116,""adm2_name"":""Isle of Wight""},{""adm2_code"":40117,""adm2_name"":""Kent""}]",2010-01-12,2023-09-25
2009-0571-GBR,No,nat-met-ext-col,Natural,Meteorological,Extreme temperature,Cold wave,,,GBR,United Kingdom of Great Britain and Northern Ireland,Northern Europe,Europe,"Penzance area (Cornwall district, England province), Cumbria, Greater London, Greater Manchest, Kent districts (England province), Strathclyde, Lothian, Grampian districts (Scotland province)",,,No,No,No,,,°C,,,,2009,12,19,2009,12,23,3,47,,,47,,,,,,,70.40886176,"[{""adm2_code"":40101,""adm2_name"":""Cornwall""},{""adm2_code"":40102,""adm2_name"":""Cumbria""},{""adm2_code"":40110,""adm2_name"":""Greater London""},{""adm2_code"":40111,""adm2_name"":""Greater Manchest""},{""adm2_code"":40117,""adm2_name"":""Kent""},{""adm2_code"":40171,""adm2_name"":""Grampian""},{""adm2_code"":40173,""adm2_name"":""Lothian""},{""adm2_code"":40176,""adm2_name"":""Strathclyde""}]",2010-01-05,2023-09-25
2010-0088-GBR,No,nat-met-sto-ext,Natural,Meteorological,Storm,Extra-tropical storm,,Xynthia,GBR,United Kingdom of Great Britain and Northern Ireland,Northern Europe,Europe,All country selected (no data),,,No,No,No,,,Kph,,,,2010,2,28,2010,2,28,,,,,,,,34,48,500,699,71.56359558,"[{""adm1_code"":3182,""adm1_name"":""England""},{""adm1_code"":3183,""adm1_name"":""Northern Ireland""},{""adm1_code"":3184,""adm1_name"":""Scotland""},{""adm1_code"":3186,""adm1_name"":""Wales""}]",2011-01-04,2023-09-25
2010-0615-GBR,No,nat-met-ext-col,Natural,Meteorological,Extreme temperature,Cold wave,,,GBR,United Kingdom of Great Britain and Northern Ireland,Northern Europe,Europe,Highland district (Scotland province),,,No,No,No,,,°C,,,,2010,11,28,2010,12,1,,,,,,,,,,,,71.56359558,"[{""adm2_code"":40172,""adm2_name"":""Highland""}]",2010-12-01,2023-09-25
2012-0446-GBR,No,nat-hyd-flo-riv,Natural,Hydrological,Flood,Riverine flood,,,GBR,United Kingdom of Great Britain and Northern Ireland,Northern Europe,Europe,"Morpeth, Newburn, Cheshire, Rothbury, Gilling west villages (Northumberland district) (England province) ; North Yorkshire district (England province)","Heavy rains, hurricane Nadine",,No,No,No,,8507,Km2,54.04,-2.13,,2012,9,23,2012,9,27,3,,1500,,1500,,,,,81000,107498,75.3503857,"[{""adm2_code"":40123,""adm2_name"":""North Yorkshire""},{""adm2_code"":40125,""adm2_name"":""Northumberland""}]",2013-03-28,2023-09-25
2012-0488-GBR,No,nat-hyd-flo-riv,Natural,Hydrological,Flood,Riverine flood,,,GBR,United Kingdom of Great Britain and Northern Ireland,Northern Europe,Europe,"Devon city, Stoke Canon, Umberleig villages (Devonshire district) ; Cornwall, Avon, Dorsetshire, Somersetshire, Gloucestershire, Wiltshire districts (England province) ; Wales, Scotland provinces",Heavy rains,,No,No,No,,,Km2,,,Exe,2012,12,23,2012,12,23,,,585,,585,,,,,,,75.3503857,"[{""adm1_code"":3184,""adm1_name"":""Scotland""},{""adm1_code"":3186,""adm1_name"":""Wales""},{""adm2_code"":40094,""adm2_name"":""Avon""},{""adm2_code"":40101,""adm2_name"":""Cornwall""},{""adm2_code"":40104,""adm2_name"":""Devonshire""},{""adm2_code"":40105,""adm2_name"":""Dorsetshire""},{""adm2_code"":40109,""adm2_name"":""Gloucestershire""},{""adm2_code"":40129,""adm2_name"":""Somersetshire""},{""adm2_code"":40139,""adm2_name"":""Wiltshire""}]",2013-01-03,2023-09-25
2012-0548-GBR,No,nat-hyd-flo-riv,Natural,Hydrological,Flood,Riverine flood,,,GBR,United Kingdom of Great Britain and Northern Ireland,Northern Europe,Europe,"Berkshire, Buckinghamshire, East Sussex, Hampshire, Isle of Wight, Kent, Oxfordshire, Surrey, West Sussex districts (South-East England), Derbyshire, Hereford and Wor, Leicestershire, Lincolnshire, Northamptonshire, Nottinghamshire, Salop, Staffordshire, Warwickshire, West Midlands districts (Midlands), Cleveland, Durham, Northumberland, Tyne and Wear districts (Northeast), Devonshire, Cornwall, Avon, Dorsetshire, Somersetshire, Gloucestershire, Wiltshire district (South West England) (England province), Powys district (Mid-Wales) (Wales province)",On emonth worth-of-rainfall,,No,No,No,,,Km2,,,,2012,6,10,2012,6,11,,,,,,,,,,450000,597210,75.3503857,"[{""adm2_code"":40094,""adm2_name"":""Avon""},{""adm2_code"":40096,""adm2_name"":""Berkshire""},{""adm2_code"":40097,""adm2_name"":""Buckinghamshire""},{""adm2_code"":40100,""adm2_name"":""Cleveland""},{""adm2_code"":40101,""adm2_name"":""Cornwall""},{""adm2_code"":40103,""adm2_name"":""Derbyshire""},{""adm2_code"":40104,""adm2_name"":""Devonshire""},{""adm2_code"":40105,""adm2_name"":""Dorsetshire""},{""adm2_code"":40106,""adm2_name"":""Durham""},{""adm2_code"":40107,""adm2_name"":""East Sussex""},{""adm2_code"":40109,""adm2_name"":""Gloucestershire""},{""adm2_code"":40112,""adm2_name"":""Hampshire""},{""adm2_code"":40113,""adm2_name"":""Hereford and Wor""},{""adm2_code"":40116,""adm2_name"":""Isle of Wight""},{""adm2_code"":40117,""adm2_name"":""Kent""},{""adm2_code"":40119,""adm2_name"":""Leicestershire""},{""adm2_code"":40120,""adm2_name"":""Lincolnshire""},{""adm2_code"":40124,""adm2_name"":""Northamptonshire""},{""adm2_code"":40125,""adm2_name"":""Northumberland""},{""adm2_code"":40126,""adm2_name"":""Nottinghamshire""},{""adm2_code"":40127,""adm2_name"":""Oxfordshire""},{""adm2_code"":40128,""adm2_name"":""Salop""},{""adm2_code"":40129,""adm2_name"":""Somersetshire""},{""adm2_code"":40131,""adm2_name"":""Staffordshire""},{""adm2_code"":40133,""adm2_name"":""Surrey""},{""adm2_code"":40134,""adm2_name"":""Tyne and Wear""},{""adm2_code"":40135,""adm2_name"":""Warwickshire""},{""adm2_code"":40136,""adm2_name"":""West Midlands""},{""adm2_code"":40137,""adm2_name"":""West Sussex""},{""adm2_code"":40139,""adm2_name"":""Wiltshire""},{""adm2_code"":40184,""adm2_name"":""Powys""}]",2013-04-19,2023-09-25
2012-0549-GBR,No,nat-hyd-flo-fla,Natural,Hydrological,Flood,Flash flood,,,GBR,United Kingdom of Great Britain and Northern Ireland,Northern Europe,Europe,"Bedfordshire, Cambridgeshire, Derbyshire, Essex, Hereford and Wor, Hertfordshire, Leicestershire, Lincolnshire, Norfolkshire, Northamptonshire, Nottinghamshire, Salop, Staffordshire, Suffolk, Warwickshire, West Midlands districts (Central England), Cheshire, Cleveland, Cumbria, Durham, Greater Manchest, Humberside, Lancashire, Merseyside, North Yorkshire, Northumberland, South Yorkshire, Tyne and Wear, West Yorkshire districts (Northern England) (England province) ; Northern Ireland, Scotland provinces",,,No,No,No,,,Km2,,,,2012,6,23,2012,6,24,1,,,,,,,,,785000,1041800,75.3503857,"[{""adm1_code"":3183,""adm1_name"":""Northern Ireland""},{""adm1_code"":3184,""adm1_name"":""Scotland""},{""adm2_code"":40095,""adm2_name"":""Bedfordshire""},{""adm2_code"":40098,""adm2_name"":""Cambridgeshire""},{""adm2_code"":40099,""adm2_name"":""Cheshire""},{""adm2_code"":40100,""adm2_name"":""Cleveland""},{""adm2_code"":40102,""adm2_name"":""Cumbria""},{""adm2_code"":40103,""adm2_name"":""Derbyshire""},{""adm2_code"":40106,""adm2_name"":""Durham""},{""adm2_code"":40108,""adm2_name"":""Essex""},{""adm2_code"":40111,""adm2_name"":""Greater Manchest""},{""adm2_code"":40113,""adm2_name"":""Hereford and Wor""},{""adm2_code"":40114,""adm2_name"":""Hertfordshire""},{""adm2_code"":40115,""adm2_name"":""Humberside""},{""adm2_code"":40118,""adm2_name"":""Lancashire""},{""adm2_code"":40119,""adm2_name"":""Leicestershire""},{""adm2_code"":40120,""adm2_name"":""Lincolnshire""},{""adm2_code"":40121,""adm2_name"":""Merseyside""},{""adm2_code"":40122,""adm2_name"":""Norfolkshire""},{""adm2_code"":40123,""adm2_name"":""North Yorkshire""},{""adm2_code"":40124,""adm2_name"":""Northamptonshire""},{""adm2_code"":40125,""adm2_name"":""Northumberland""},{""adm2_code"":40126,""adm2_name"":""Nottinghamshire""},{""adm2_code"":40128,""adm2_name"":""Salop""},{""adm2_code"":40130,""adm2_name"":""South Yorkshire""},{""adm2_code"":40131,""adm2_name"":""Staffordshire""},{""adm2_code"":40132,""adm2_name"":""Suffolk""},{""adm2_code"":40134,""adm2_name"":""Tyne and Wear""},{""adm2_code"":40135,""adm2_name"":""Warwickshire""},{""adm2_code"":40136,""adm2_name"":""West Midlands""},{""adm2_code"":40138,""adm2_name"":""West Yorkshire""}]",2013-02-01,2023-09-25
2012-0552-GBR,No,nat-hyd-flo-riv,Natural,Hydrological,Flood,Riverine flood,,,GBR,United Kingdom of Great Britain and Northern Ireland,Northern Europe,Europe,"St Asaph city (Clwyd district, North Wales, Wales province), Roanheads area in Peterhead city (Grampians district), Wick (Highland district) (Scotland province) ; Northamptonshire, Cleveland, Durham, Northumberland, Tyne and Wear districts (Northeast of England) (England province)",Torrential rains,,No,No,No,,,Km2,53.45,-1.19,"Thames, Ouse, Derwent, Cree, Ruchill",2012,11,21,2012,12,18,4,,1700,,1700,,,813000,1078959,1630000,2163227,75.3503857,"[{""adm2_code"":40100,""adm2_name"":""Cleveland""},{""adm2_code"":40106,""adm2_name"":""Durham""},{""adm2_code"":40124,""adm2_name"":""Northamptonshire""},{""adm2_code"":40125,""adm2_name"":""Northumberland""},{""adm2_code"":40134,""adm2_name"":""Tyne and Wear""},{""adm2_code"":40171,""adm2_name"":""Grampian""},{""adm2_code"":40172,""adm2_name"":""Highland""},{""adm2_code"":40179,""adm2_name"":""Clwyd""}]",2013-02-07,2023-09-25
2013-0398-GBR,No,nat-met-sto-ext,Natural,Meteorological,Storm,Extra-tropical storm,,Storm Christian,GBR,United Kingdom of Great Britain and Northern Ireland,Northern Europe,Europe,All country affected (no data),,,No,No,No,,,Kph,,,,2013,10,27,2013,10,28,4,,,,,,,,,,,76.45414599,"[{""adm1_code"":3182,""adm1_name"":""England""},{""adm1_code"":3183,""adm1_name"":""Northern Ireland""},{""adm1_code"":3184,""adm1_name"":""Scotland""},{""adm1_code"":3186,""adm1_name"":""Wales""}]",2013-10-29,2023-09-25
2013-0517-GBR,No,nat-met-sto-ext,Natural,Meteorological,Storm,Extra-tropical storm,,Storm Xaver,GBR,United Kingdom of Great Britain and Northern Ireland,Northern Europe,Europe,"Humberside district (England province) ; Rhyl city (Clwyd district, Wales province) ; Clwyd, Gwynedd districts (North Wales, Wales province) ; Boston city (Lincolnshire district), Scarborough, Whitby cities (North Yorkshire district), Lowestoft city (Suffolk district), Great Yarmouth (Norfolkshire district), Dover city (Kent district), East Yorkshire area (Humberside district) (England province)",,Flood,No,No,No,,,Kph,,,,2013,12,6,2013,12,7,2,,4200,,4200,,,,,,,76.45414599,"[{""adm2_code"":40115,""adm2_name"":""Humberside""},{""adm2_code"":40117,""adm2_name"":""Kent""},{""adm2_code"":40120,""adm2_name"":""Lincolnshire""},{""adm2_code"":40122,""adm2_name"":""Norfolkshire""},{""adm2_code"":40123,""adm2_name"":""North Yorkshire""},{""adm2_code"":40132,""adm2_name"":""Suffolk""},{""adm2_code"":40179,""adm2_name"":""Clwyd""},{""adm2_code"":40182,""adm2_name"":""Gwynedd""}]",2014-01-08,2023-09-25
2013-0530-GBR,No,nat-met-sto-ext,Natural,Meteorological,Storm,Extra-tropical storm,,Storm Dirk,GBR,United Kingdom of Great Britain and Northern Ireland,Northern Europe,Europe,"East Sussex, West Sussex (Sussex), Kent district (England province) ; Leatherhead, Dorking cities (Surrey district, England province)",,Flood|Rain,No,No,No,,130,Kph,,,,2013,12,26,2013,12,26,5,,,,,,,,,,,76.45414599,"[{""adm2_code"":40107,""adm2_name"":""East Sussex""},{""adm2_code"":40117,""adm2_name"":""Kent""},{""adm2_code"":40133,""adm2_name"":""Surrey""},{""adm2_code"":40137,""adm2_name"":""West Sussex""}]",2014-01-02,2023-09-25
2013-0549-GBR,No,nat-met-ext-hea,Natural,Meteorological,Extreme temperature,Heat wave,,,GBR,United Kingdom of Great Britain and Northern Ireland,Northern Europe,Europe,"England, Wales provinces",,,No,No,No,,40,°C,,,,2013,7,,2013,7,,760,,,,,,,,,,,76.45414599,"[{""adm1_code"":3182,""adm1_name"":""England""},{""adm1_code"":3186,""adm1_name"":""Wales""}]",2014-04-04,2023-09-25
2013-0572-GBR,No,nat-hyd-flo-riv,Natural,Hydrological,Flood,Riverine flood,,,GBR,United Kingdom of Great Britain and Northern Ireland,Northern Europe,Europe,"Oxford city (Oxfordshire district), Devon city (Devonshire district) (England province) ; Wales, Scotland provinces",Heavy rains,,No,No,No,,126149.79,Km2,53.2732,-1.51,,2013,12,27,2014,1,,2,,600,,600,,,,,1500000,1961960,76.45414599,"[{""adm1_code"":3184,""adm1_name"":""Scotland""},{""adm1_code"":3186,""adm1_name"":""Wales""},{""adm2_code"":40104,""adm2_name"":""Devonshire""},{""adm2_code"":40127,""adm2_name"":""Oxfordshire""}]",2014-02-10,2023-09-25
2014-0039-GBR,No,nat-hyd-flo-riv,Natural,Hydrological,Flood,Riverine flood,,,GBR,United Kingdom of Great Britain and Northern Ireland,Northern Europe,Europe,"Muchelney village (Somerset levels area, Somersetshire district, England province) ; Devon East area (Devonshire district, England province) ; Kent district (Southern England, England province)",Heavy rains,,No,No,No,,,Km2,,,,2014,1,,2014,2,,,,540,,540,,,530000,682160,624000,803147,77.69440613,"[{""adm2_code"":40104,""adm2_name"":""Devonshire""},{""adm2_code"":40117,""adm2_name"":""Kent""},{""adm2_code"":40129,""adm2_name"":""Somersetshire""}]",2014-02-07,2023-09-25
2014-0067-GBR,No,nat-met-sto-ext,Natural,Meteorological,Storm,Extra-tropical storm,,Ulla,GBR,United Kingdom of Great Britain and Northern Ireland,Northern Europe,Europe,All country selected/affected (no data),,Flood,No,No,No,,130,Kph,,,Thmes river valley,2014,2,14,2014,2,15,5,,18000,,18000,,,,,100000,128709,77.69440613,"[{""adm1_code"":3182,""adm1_name"":""England""},{""adm1_code"":3183,""adm1_name"":""Northern Ireland""},{""adm1_code"":3184,""adm1_name"":""Scotland""},{""adm1_code"":3186,""adm1_name"":""Wales""}]",2014-03-06,2023-09-25
2015-0525-GBR,No,nat-met-sto-sto,Natural,Meteorological,Storm,Storm (General),,Storm Desmond (Ted),GBR,United Kingdom of Great Britain and Northern Ireland,Northern Europe,Europe,"Lancashire, Cumbria district (England province); Kendal, Keswick, Appleby cities (Cumbria district) Hexham (Northumberland district) (England province)",,Flood,No,No,No,,,Kph,,,,2015,12,4,2015,12,6,3,,15600,,15600,,,884000,1136443,1200000,1542683,77.78656766,"[{""adm2_code"":40102,""adm2_name"":""Cumbria""},{""adm2_code"":40118,""adm2_name"":""Lancashire""},{""adm2_code"":40125,""adm2_name"":""Northumberland""}]",2015-12-07,2023-09-25
2015-0561-GBR,No,nat-hyd-flo-riv,Natural,Hydrological,Flood,Riverine flood,,,GBR,United Kingdom of Great Britain and Northern Ireland,Northern Europe,Europe,"York city (North Yorkshire district, England province) ; Lancashire, Greater Manchester districts (England province), Humberside, North Yorkshire, South Yorkshire, West Yorkshire district (Yorkshire, England province)","Heavy rains, Storms Eva ad Franck",,No,No,No,,,Km2,,,"Calder, Ribble, Nidd, Irwell, Ouse, Foss, Aire rivers",2015,12,26,2015,12,26,,,48000,,48000,,,1000000,1285569,1200000,1542683,77.78656766,"[{""adm2_code"":40111,""adm2_name"":""Greater Manchest""},{""adm2_code"":40115,""adm2_name"":""Humberside""},{""adm2_code"":40118,""adm2_name"":""Lancashire""},{""adm2_code"":40123,""adm2_name"":""North Yorkshire""},{""adm2_code"":40130,""adm2_name"":""South Yorkshire""}]",2016-01-06,2023-09-25
2017-0490-GBR,No,nat-hyd-flo-flo,Natural,Hydrological,Flood,Flood (General),DFO:4543,,GBR,United Kingdom of Great Britain and Northern Ireland,Northern Europe,Europe,"Galgate (Lancashire) ,Lancaster, Appleby-in-Westmorland (Cumbria), Craven ( North Yorkshire), Llangefni, Conwy (Anglesey-Gwynedd)",Heavy rains,,No,No,No,,,Km2,53.102,-6.856,"Conder, Eden",2017,11,22,2017,11,26,,,70,,70,,,,,,,80.44577926,"[{""adm2_code"":40102,""adm2_name"":""Cumbria""},{""adm2_code"":40118,""adm2_name"":""Lancashire""},{""adm2_code"":40123,""adm2_name"":""North Yorkshire""},{""adm2_code"":40182,""adm2_name"":""Gwynedd""}]",2017-11-28,2023-09-25
2018-0002-GBR,No,nat-met-sto-sev,Natural,Meteorological,Storm,Severe weather,,Eleanor,GBR,United Kingdom of Great Britain and Northern Ireland,Northern Europe,Europe,"Northern Ireland, England (Cornwall, Birmingham), Wales, Southern part of Scotland",,Surge,No,No,No,,,Kph,,,,2018,1,2,2018,1,3,,4,,,4,,,,,,,82.41066796,"[{""adm1_code"":3182,""adm1_name"":""England""},{""adm1_code"":3183,""adm1_name"":""Northern Ireland""},{""adm1_code"":3184,""adm1_name"":""Scotland""},{""adm1_code"":3186,""adm1_name"":""Wales""}]",2018-01-05,2023-09-25
2018-0235-GBR,No,nat-met-ext-hea,Natural,Meteorological,Extreme temperature,Heat wave,,,GBR,United Kingdom of Great Britain and Northern Ireland,Northern Europe,Europe,,,,No,No,No,,33.2,°C,,,,2018,6,30,2018,7,10,,,,,,,,,,,,82.41066796,,2018-07-26,2023-09-25
2019-0296-GBR,No,nat-met-ext-hea,Natural,Meteorological,Extreme temperature,Heat wave,,,GBR,United Kingdom of Great Britain and Northern Ireland,Northern Europe,Europe,"Cornwall, Manchester",,,No,No,No,,,°C,,,,2019,6,26,2019,6,30,5,,,,,,,,,,,83.90417006,"[{""adm2_code"":40101,""adm2_name"":""Cornwall""},{""adm2_code"":40111,""adm2_name"":""Greater Manchest""}]",2019-07-05,2023-09-25
2019-0568-GBR,No,nat-hyd-flo-flo,Natural,Hydrological,Flood,Flood (General),,,GBR,United Kingdom of Great Britain and Northern Ireland,Northern Europe,Europe,"South Yorkhire, Nottinghamshire, Derbyshire,",,,No,No,No,,,Km2,,,,2019,11,7,2019,11,8,1,,100,,100,,,142000,169241,,,83.90417006,"[{""adm2_code"":40103,""adm2_name"":""Derbyshire""},{""adm2_code"":40126,""adm2_name"":""Nottinghamshire""},{""adm2_code"":40130,""adm2_name"":""South Yorkshire""}]",2019-11-25,2024-10-25
2019-0650-GBR,No,nat-met-ext-hea,Natural,Meteorological,Extreme temperature,Heat wave,,,GBR,United Kingdom of Great Britain and Northern Ireland,Northern Europe,Europe,,,,No,No,No,,38.7,°C,,,,2019,7,21,2019,8,28,161,,,,,,,,,,,83.90417006,,2020-04-06,2023-09-25
2020-0051-GBR,No,nat-met-sto-ext,Natural,Meteorological,Storm,Extra-tropical storm,,Storm 'Ciara' (Sabine),GBR,United Kingdom of Great Britain and Northern Ireland,Northern Europe,Europe,"Needles (Isles of Wight); Honister Pass (Cumbria); Micheldever, Hampshire; Clydebank, West Dumbartonshire (Scotland); Woolton, Liverpool; Isle of Man; Ireland",,,No,No,No,,,Kph,,,,2020,2,8,2020,2,8,2,,,,,,,,,,,84.93919813,"[{""adm2_code"":40094,""adm2_name"":""Avon""},{""adm2_code"":40102,""adm2_name"":""Cumbria""},{""adm2_code"":40112,""adm2_name"":""Hampshire""},{""adm2_code"":40116,""adm2_name"":""Isle of Wight""},{""adm2_code"":40121,""adm2_name"":""Merseyside""},{""adm2_code"":40176,""adm2_name"":""Strathclyde""}]",2020-02-10,2023-09-25
2020-0069-GBR,No,nat-hyd-flo-riv,Natural,Hydrological,Flood,Riverine flood,,,GBR,United Kingdom of Great Britain and Northern Ireland,Northern Europe,Europe,"East Cowick (East Yorkshire), Ironbridge area of Shropshire County (West Midlands), Lower Dee Valley (northern Wales)",Heavy rains,,No,No,No,,,Km2,,,"Aire, Severn rivers",2020,2,28,2020,2,28,,,480,,480,,,,,,,84.93919813,"[{""adm2_code"":40115,""adm2_name"":""Humberside""},{""adm2_code"":40136,""adm2_name"":""West Midlands""},{""adm2_code"":40179,""adm2_name"":""Clwyd""}]",2020-02-28,2024-04-12
2020-0530-GBR,No,nat-met-ext-hea,Natural,Meteorological,Extreme temperature,Heat wave,,,GBR,United Kingdom of Great Britain and Northern Ireland,Northern Europe,Europe,,,,No,No,No,,,°C,,,,2020,6,,2020,8,,2556,,,,,,,,,,,84.93919813,"[{""adm1_code"":3182,""adm1_name"":""England""},{""adm1_code"":3183,""adm1_name"":""Northern Ireland""},{""adm1_code"":3184,""adm1_name"":""Scotland""},{""adm1_code"":3186,""adm1_name"":""Wales""}]",2020-12-04,2023-09-25
2021-0687-GBR,No,nat-met-sto-sto,Natural,Meteorological,Storm,Storm (General),,Storm 'Aurore' (Hendrick),GBR,United Kingdom of Great Britain and Northern Ireland,Northern Europe,Europe,,,,No,No,No,,,Kph,,,,2021,10,21,2021,10,21,1,,,,,,,,,,,88.92949348,,2022-01-20,2023-09-25
2022-0081-GBR,No,nat-met-sto-ext,Natural,Meteorological,Storm,Extra-tropical storm,,Storm 'Malik' (Nadia),GBR,United Kingdom of Great Britain and Northern Ireland,Northern Europe,Europe,Scotland,,,No,No,No,,,Kph,,,,2022,1,28,2022,1,31,2,,,,,,,,,,,96.04634213,"[{""adm1_code"":3184,""adm1_name"":""Scotland""}]",2022-02-09,2024-04-23
2022-0097-GBR,No,nat-met-sto-ext,Natural,Meteorological,Storm,Extra-tropical storm,,Storm 'Dudley' (Ylenia),GBR,United Kingdom of Great Britain and Northern Ireland,Northern Europe,Europe,"Cumbria, North Yorkshire, and Lancashire; Scotland, West Midlands County",,,No,No,No,,130,Kph,,,,2022,2,16,2022,2,17,1,,,,,,,,,,,96.04634213,"[{""adm1_code"":3184,""adm1_name"":""Scotland""},{""adm2_code"":40102,""adm2_name"":""Cumbria""},{""adm2_code"":40118,""adm2_name"":""Lancashire""},{""adm2_code"":40123,""adm2_name"":""North Yorkshire""},{""adm2_code"":40136,""adm2_name"":""West Midlands""}]",2022-02-18,2024-04-23
2022-0112-GBR,No,nat-met-sto-ext,Natural,Meteorological,Storm,Extra-tropical storm,,Storm 'Eunice' (Zeynep),GBR,United Kingdom of Great Britain and Northern Ireland,Northern Europe,Europe,,,,No,No,No,,196,Kph,,,,2022,2,18,2022,2,18,3,,,,,,,,,491342,511568,96.04634213,,2022-02-24,2023-09-25
2022-0465-GBR,No,nat-met-ext-hea,Natural,Meteorological,Extreme temperature,Heat wave,,,GBR,United Kingdom of Great Britain and Northern Ireland,Northern Europe,Europe,,,,No,No,No,,40.3,°C,,,,2022,5,30,2022,9,4,3469,,,,,,,,,,,96.04634213,,2022-07-28,2023-09-26
2022-9405-GBR,No,nat-cli-dro-dro,Natural,Climatological,Drought,Drought,,,GBR,United Kingdom of Great Britain and Northern Ireland,Northern Europe,Europe,,,,No,No,Yes,,,Km2,,,,2022,4,,2022,8,,,,,,,,,,,,,96.04634213,,2022-08-19,2023-09-26
2023-0438-GBR,No,nat-met-ext-hea,Natural,Meteorological,Extreme temperature,Heat wave,,,GBR,United Kingdom of Great Britain and Northern Ireland,Northern Europe,Europe,,,,No,No,No,,,°C,,,,2023,7,,2023,8,,1851,,,,,,,,,,,100,,2024-08-16,2024-10-01
2023-0724-GBR,No,nat-met-sto-ext,Natural,Meteorological,Storm,Extra-tropical storm,,Storm 'Ciaran',GBR,United Kingdom of Great Britain and Northern Ireland,Northern Europe,Europe,,,,No,No,No,,150,Kph,,,,2023,11,2,2023,11,3,,,,,,,,,,,,100,,2023-11-10,2023-12-07
2024-0867-GBR,No,nat-met-sto-sto,Natural,Meteorological,Storm,Storm (General),,Storm 'Bert' & 'Conall (Sigrid & Telse),GBR,United Kingdom of Great Britain and Northern Ireland,Northern Europe,Europe,Southern England and Wales,,Flood,No,No,No,,110,Kph,,,,2024,11,23,2024,11,27,5,,750,,750,,,,,,,,,2024-11-25,2024-11-29